Workbook

Sheet Read Me
A1: NC Fraser Fir Fertilizer Sensitivity Analysis
A3: Purpose | B3: Compares six fertilizer scenarios for NC Fraser fir on upstream (ecoinvent/openLCA) and direct field (IPCC 2019) emissions, normalized to one marketable tree.
A4: Functional unit | B4: One marketable 7-ft Fraser fir. Plantation output 1,900 trees/acre; cultivation allocation to trees 0.893 (remainder to wreath greenery).
A5: Cell colours | B5: BLUE = input you may edit. BLACK = formula, do not overwrite. GREEN = link to another sheet. YELLOW fill = key assumption.
A6: Upstream vs direct | B6: Upstream = ecoinvent cradle-to-gate production, from openLCA. Direct = field emissions from IPCC Ch.11 equations. They are additive and must not be double counted.
A7: Why direct matters | B7: Direct emissions are ~46% of fertilizer GWP. On acidification they dominate: field NH3 is roughly five times upstream.
A8: Diesel excluded | B8: Deliberate. The ecoinvent "diesel, burned in agricultural machinery" activity already includes tailpipe emissions, so adding an IPCC combustion layer would double count.
A9: EF1 treatment | B9: Table 11.1 footnote 5: the synthetic factor (0.016 wet) applies to synthetic AND mixed synthetic-organic applications. The 0.006 organic factor applies only to exclusively organic applications, and is not used by any scenario here.
A10: Total N is not equal | B10: Poultry litter is 50% plant-available, so replacing a given amount of available N needs twice that in total N. IPCC applies EF1 to TOTAL N, so organic scenarios carry ~25% and ~50% more total nitrogen than baseline. The scenarios are NOT iso-nitrogen.
A11: Frac_GASF caveat | B11: This workbook uses the 0.11 aggregate per the specification. Table 11.3 disaggregates by chemistry, and Table 7A.2 treats NPK compounds as ammonium-nitrate-based, i.e. 0.05. See the Assumptions sheet; the choice roughly halves acidification.
A12: N2O GWP | B12: 298 (AR4), consistent with TRACI 2.1. Do not switch to AR6 without re-characterizing the whole LCA.
A13: Stock not removal | B13: Any biogenic carbon figure is a stock at harvest, not a durable removal.

Sheet Assumptions
A1: Assumptions and input parameters
A3: Parameter | B3: Value | C3: Unit | D3: Source / note
A4: Marketable trees per acre | B4: 1900 | C4: trees | D4: Manuscript, baseline 88.5% survival from 2,150 planted
A5: Cultivation allocation to trees | B5: 0.893 | C5: fraction | D5: Above-ground wet-mass allocation; 0.107 to wreath
A6: Baseline fertilizer rate | B6: 4210.56 | C6: lb/acre | D6: 19-19-19, enterprise budget
A7: Converted product mass | B7: 1909.88 | C7: kg/acre | D7: 4210.56 lb / 2.20462
A8: Baseline nitrogen | B8: 362.88 | C8: kg N/acre | D8: 19% N of 1,909.88 kg
A9: Ecoinvent proxy equivalent | B9: 2419 | C9: kg/acre | D9: NPK 15-15-15 proxy supplying the same N
A10: EF1 synthetic and mixed (wet) | B10: 0.016 | C10: kg N2O-N/kg N | D10: IPCC 2019 Table 11.1, footnote 5
A11: EF1 exclusively organic (wet) | B11: 0.006 | C11: kg N2O-N/kg N | D11: Table 11.1 footnote 6. NOT used: no scenario is exclusively organic
A12: Frac_GASF | B12: 0.11 | C12: fraction | D12: Table 11.3 aggregate. Disaggregated: urea 0.15, ammonium 0.08, AN-based 0.05, nitrate 0.01
A13: Frac_GASM | B13: 0.21 | C13: fraction | D13: Table 11.3, organic amendments
A14: EF4 (wet) | B14: 0.014 | C14: kg N2O-N/kg N | D14: Table 11.3, volatilisation and redeposition
A15: Frac_LEACH-(H) | B15: 0.24 | C15: fraction | D15: Table 11.3, wet climates
... A24: Wood chips applied | B24: 22.4 | C24: kg dry/tree | D24: Cregg et al. 2009 mulch treatment

Sheet Scenario Inputs
A1: Scenario definitions
A3: Scenario | B3: Synthetic NPK 15-15-15 (kg) | C3: Poultry litter fresh (kg) | D3: Wood chips dry (kg/tree) | E3: Synthetic N (kg) | F3: Organic total N (kg) | G3: f_org (PAN replaced)
A4: Baseline 100% synthetic | B4: 2419 | C4: 0 | D4: 0 | E4: =B4/Assumptions!$B$9*Assumptions!$B$8 -> 362.88 | F4: =C4/907.185*Assumptions!$B$21/2.20462 -> 0 | G4: 0
A5: 25% synthetic reduction | B5: 1814.25 | C5: 0 | D5: 0 | E5: =B5/Assumptions!$B$9*Assumptions!$B$8 -> 272.16 | F5: =C5/907.185*Assumptions!$B$21/2.20462 -> 0 | G5: 0
A6: 50% synthetic reduction | B6: 1209.5 | C6: 0 | D6: 0 | E6: =B6/Assumptions!$B$9*Assumptions!$B$8 -> 181.44 | F6: =C6/907.185*Assumptions!$B$21/2.20462 -> 0 | G6: 0
A7: 75% synthetic + 25% organic | B7: 1814.25 | C7: 6278 | D7: 0 | E7: =B7/Assumptions!$B$9*Assumptions!$B$8 -> 272.16 | F7: =C7/907.185*Assumptions!$B$21/2.20462 -> 181.43436 | G7: 0.25
A8: 50% synthetic + 50% organic | B8: 1209.5 | C8: 12556 | D8: 0 | E8: =B8/Assumptions!$B$9*Assumptions!$B$8 -> 181.44 | F8: =C8/907.185*Assumptions!$B$21/2.20462 -> 362.86873 | G8: 0.5
A9: Wood-chip mulch only | B9: 0 | C9: 0 | D9: 22.4 | E9: =B9/Assumptions!$B$9*Assumptions!$B$8 -> 0 | F9: =C9/907.185*Assumptions!$B$21/2.20462 -> 0 | G9: 0
A11: N-equivalence check: M_litter = f_org x 362.88 kg PAN x 2.20462 / 28.9 lb PAN per short ton, converted to kg
A12: Column F uses TOTAL litter N (2x the PAN replaced, since availability is 50%). IPCC applies EF1 to total N.
A13: Scenarios are NOT iso-nitrogen: organic cases carry ~25% and ~50% more total N than baseline.

Sheet Direct Emissions
A1: Direct field emissions per tree (IPCC 2019 Ch.11 Tier 1)
A3: Scenario | B3: F_SN (kg N/tree) | C3: F_ON (kg N/tree) | D3: NH3 to air (kg) | E3: Nitrate to GW (kg) | F3: N2O direct (kg) | G3: N2O atmos. dep. (kg) | H3: N2O leaching (kg) | I3: N2O total (kg) | J3: GWP (kg CO2-eq)
A4: ='Scenario Inputs'!A4 -> Baseline 100% synthetic | B4: ='Scenario Inputs'!E4*Assumptions!$B$5/Assumptions!$B$4 -> 0.1705536 | C4: ='Scenario Inputs'!F4*Assumptions!$B$5/Assumptions!$B$4 -> 0 | D4: =(B4*Assumptions!$B$12+C4*Assumptions!$B$13)*Assumptions!$B$18 -> 0.022781088 | E4: =(B4+C4)*Assumptions!$B$15*Assumptions!$B$19 -> 0.18127411 | F4: =(B4+C4)*Assumptions!$B$10*Assumptions!$B$17 -> 0.0042882048 | G4: =(B4*Assumptions!$B$12+C4*Assumptions!$B$13)*Assumptions!$B$14*Assumptions!$B$17 -> 0.00041273971 | H4: =(B4+C4)*Assumptions!$B$15*Assumptions!$B$16*Assumptions!$B$17 -> 0.00070755379 | I4: =F4+G4+H4 -> 0.0054084983 | J4: =I4*Assumptions!$B$20 -> 1.6117325
A5: ='Scenario Inputs'!A5 -> 25% synthetic reduction | B5: ='Scenario Inputs'!E5*Assumptions!$B$5/Assumptions!$B$4 -> 0.1279152 | C5: ='Scenario Inputs'!F5*Assumptions!$B$5/Assumptions!$B$4 -> 0 | D5: =(B5*Assumptions!$B$12+C5*Assumptions!$B$13)*Assumptions!$B$18 -> 0.017085816 | E5: =(B5+C5)*Assumptions!$B$15*Assumptions!$B$19 -> 0.13595558 | F5: =(B5+C5)*Assumptions!$B$10*Assumptions!$B$17 -> 0.0032161536 | G5: =(B5*Assumptions!$B$12+C5*Assumptions!$B$13)*Assumptions!$B$14*Assumptions!$B$17 -> 0.00030955478 | H5: =(B5+C5)*Assumptions!$B$15*Assumptions!$B$16*Assumptions!$B$17 -> 0.00053066534 | I5: =F5+G5+H5 -> 0.0040563737 | J5: =I5*Assumptions!$B$20 -> 1.2087994
A6: ='Scenario Inputs'!A6 -> 50% synthetic reduction | B6: ='Scenario Inputs'!E6*Assumptions!$B$5/Assumptions!$B$4 -> 0.0852768 | C6: ='Scenario Inputs'!F6*Assumptions!$B$5/Assumptions!$B$4 -> 0 | D6: =(B6*Assumptions!$B$12+C6*Assumptions!$B$13)*Assumptions!$B$18 -> 0.011390544 | E6: =(B6+C6)*Assumptions!$B$15*Assumptions!$B$19 -> 0.090637056 | F6: =(B6+C6)*Assumptions!$B$10*Assumptions!$B$17 -> 0.0021441024 | G6: =(B6*Assumptions!$B$12+C6*Assumptions!$B$13)*Assumptions!$B$14*Assumptions!$B$17 -> 0.00020636986 | H6: =(B6+C6)*Assumptions!$B$15*Assumptions!$B$16*Assumptions!$B$17 -> 0.0003537769 | I6: =F6+G6+H6 -> 0.0027042492 | J6: =I6*Assumptions!$B$20 -> 0.80586625
A7: ='Scenario Inputs'!A7 -> 75% synthetic + 25% organic | B7: ='Scenario Inputs'!E7*Assumptions!$B$5/Assumptions!$B$4 -> 0.1279152 | C7: ='Scenario Inputs'!F7*Assumptions!$B$5/Assumptions!$B$4 -> 0.085274151 | D7: =(B7*Assumptions!$B$12+C7*Assumptions!$B$13)*Assumptions!$B$18 -> 0.038830724 | E7: =(B7+C7)*Assumptions!$B$15*Assumptions!$B$19 -> 0.22658982 | F7: =(B7+C7)*Assumptions!$B$10*Assumptions!$B$17 -> 0.0053601894 | G7: =(B7*Assumptions!$B$12+C7*Assumptions!$B$13)*Assumptions!$B$14*Assumptions!$B$17 -> 0.00070352136 | H7: =(B7+C7)*Assumptions!$B$15*Assumptions!$B$16*Assumptions!$B$17 -> 0.00088443125 | I7: =F7+G7+H7 -> 0.006948142 | J7: =I7*Assumptions!$B$20 -> 2.0705463
A8: ='Scenario Inputs'!A8 -> 50% synthetic + 50% organic | B8: ='Scenario Inputs'!E8*Assumptions!$B$5/Assumptions!$B$4 -> 0.0852768 | C8: ='Scenario Inputs'!F8*Assumptions!$B$5/Assumptions!$B$4 -> 0.1705483 | D8: =(B8*Assumptions!$B$12+C8*Assumptions!$B$13)*Assumptions!$B$18 -> 0.054880361 | E8: =(B8+C8)*Assumptions!$B$15*Assumptions!$B$19 -> 0.27190554 | F8: =(B8+C8)*Assumptions!$B$10*Assumptions!$B$17 -> 0.006432174 | G8: =(B8*Assumptions!$B$12+C8*Assumptions!$B$13)*Assumptions!$B$14*Assumptions!$B$17 -> 0.00099430301 | H8: =(B8+C8)*Assumptions!$B$15*Assumptions!$B$16*Assumptions!$B$17 -> 0.0010613087 | I8: =F8+G8+H8 -> 0.0084877857 | J8: =I8*Assumptions!$B$20 -> 2.5293601
A9: ='Scenario Inputs'!A9 -> Wood-chip mulch only | B9: ='Scenario Inputs'!E9*Assumptions!$B$5/Assumptions!$B$4 -> 0 | C9: ='Scenario Inputs'!F9*Assumptions!$B$5/Assumptions!$B$4 -> 0 | D9: =(B9*Assumptions!$B$12+C9*Assumptions!$B$13)*Assumptions!$B$18 -> 0 | E9: =(B9+C9)*Assumptions!$B$15*Assumptions!$B$19 -> 0 | F9: =(B9+C9)*Assumptions!$B$10*Assumptions!$B$17 -> 0 | G9: =(B9*Assumptions!$B$12+C9*Assumptions!$B$13)*Assumptions!$B$14*Assumptions!$B$17 -> 0 | H9: =(B9+C9)*Assumptions!$B$15*Assumptions!$B$16*Assumptions!$B$17 -> 0 | I9: =F9+G9+H9 -> 0 | J9: =I9*Assumptions!$B$20 -> 0
A11: EF1 = 0.016 for every scenario: all are synthetic or mixed. Table 11.1 footnote 5.
A12: TRACI characterization of these flows: NH3 acidification 1.880158 kg SO2-eq/kg, NH3 PM2.5 0.0667252, nitrate eutrophication 0.251614 kg N-eq/kg, nitrate ecotoxicity 0.00689579 CTUe/kg.
A13: No direct field contribution is assigned to human toxicity, ozone depletion or photochemical oxidant formation.

Sheet Upstream openLCA
A1: Upstream openLCA results per 1,900 trees (as exported)
A3: Category | B3: Unit | C3: Baseline 100% synthetic | D3: 25% synthetic reduction | E3: 50% synthetic reduction | F3: 75% synthetic + 25% organic | G3: 50% synthetic + 50% organic | H3: Wood-chip mulch only | I3: Wood chips per kg dry
A4: Acidification | B4: kg SO2-eq | C4: 15.89102 | D4: 11.91826 | E4: 7.94551 | F4: 12.023421 | G4: 8.155832 | H4: =Assumptions!$B$24*Assumptions!$B$4*I4 -> 9.19296 | I4: 0.000216
A5: Climate change | B5: kg CO2-eq | C5: 3612.911 | D5: 2709.6832 | E5: 1806.4555 | F5: 2731.4854 | G5: 1850.0597 | H5: =Assumptions!$B$24*Assumptions!$B$4*I5 -> 2213.12 | I5: 0.052
A6: Freshwater ecotoxicity | B6: CTUe | C6: 60107.4 | D6: 45080.5 | E6: 30053.7 | F6: 45376.882 | G6: 30646.464 | H6: =Assumptions!$B$24*Assumptions!$B$4*I6 -> 20386.24 | I6: 0.479
A7: Eutrophication | B7: kg N-eq | C7: 8.98121 | D7: 6.73591 | E7: 4.4906 | F7: 6.767002 | G7: 4.552783 | H7: =Assumptions!$B$24*Assumptions!$B$4*I7 -> 3.889984 | I7: 9.14e-05
A8: Human toxicity carcinogenic | B8: CTUh | C8: 0.0008 | D8: 0.0006 | E8: 0.0004 | F8: 0.0006 | G8: 0.0004 | H8: =Assumptions!$B$24*Assumptions!$B$4*I8 -> 0.0002089696 | I8: 4.91e-09
A9: Human toxicity non-carcinogenic | B9: CTUh | C9: 0.00079 | D9: 0.00059 | E9: 0.00039 | F9: 0.00059 | G9: 0.00039 | H9: =Assumptions!$B$24*Assumptions!$B$4*I9 -> 0.000540512 | I9: 1.27e-08
A10: Ozone depletion | B10: kg CFC-11-eq | C10: 4.00861e-05 | D10: 3.00645e-05 | E10: 2.0043e-05 | F10: 3.043251e-05 | G10: 2.077902e-05 | H10: =Assumptions!$B$24*Assumptions!$B$4*I10 -> 3.42608e-05 | I10: 8.05e-10
A11: Particulate matter | B11: kg PM2.5-eq | C11: 2.37587 | D11: 1.7819 | E11: 1.18794 | F11: 1.796537 | G11: 1.217215 | H11: =Assumptions!$B$24*Assumptions!$B$4*I11 -> 1.217216 | I11: 2.86e-05
A12: Photochemical oxidants | B12: kg O3-eq | C12: 178.6175 | D12: 133.96313 | E12: 89.30875 | F12: 136.89658 | G12: 95.175656 | H12: =Assumptions!$B$24*Assumptions!$B$4*I12 -> 266.8512 | I12: 0.00627
A14: Columns C-G are openLCA exports (edit only to replace with a new run). Column H is calculated from the wood-chip factor in column I.
A15: Organic upstream values use 6,278 and 12,556 kg fresh poultry litter. The earlier equal-mass substitutions of 604.75 and 1,209.50 kg are superseded and must not be used.
A16: Wood chips: market for wood chips green measured as dry mass, RoW, Cutoff, ecoinvent 3.12, dataset 9421.

Sheet Results per Tree
A1: Total impact per tree: upstream + direct
A3: UPSTREAM per tree
A4: Category | B4: Unit | C4: Baseline 100% synthetic | D4: 25% synthetic reduction | E4: 50% synthetic reduction | F4: 75% synthetic + 25% organic | G4: 50% synthetic + 50% organic | H4: Wood-chip mulch only
A5: Acidification | B5: kg SO2-eq | C5: ='Upstream openLCA'!C4/Assumptions!$B$4 -> 0.0083636947 | D5: ='Upstream openLCA'!D4/Assumptions!$B$4 -> 0.0062727684 | E5: ='Upstream openLCA'!E4/Assumptions!$B$4 -> 0.0041818474 | F5: ='Upstream openLCA'!F4/Assumptions!$B$4 -> 0.0063281163 | G5: ='Upstream openLCA'!G4/Assumptions!$B$4 -> 0.0042925432 | H5: ='Upstream openLCA'!H4/Assumptions!$B$4 -> 0.0048384
A6: Climate change | B6: kg CO2-eq | C6: ='Upstream openLCA'!C5/Assumptions!$B$4 -> 1.9015321 | D6: ='Upstream openLCA'!D5/Assumptions!$B$4 -> 1.4261491 | E6: ='Upstream openLCA'!E5/Assumptions!$B$4 -> 0.95076605 | F6: ='Upstream openLCA'!F5/Assumptions!$B$4 -> 1.4376239 | G6: ='Upstream openLCA'!G5/Assumptions!$B$4 -> 0.97371565 | H6: ='Upstream openLCA'!H5/Assumptions!$B$4 -> 1.1648
A7: Freshwater ecotoxicity | B7: CTUe | C7: ='Upstream openLCA'!C6/Assumptions!$B$4 -> 31.635474 | D7: ='Upstream openLCA'!D6/Assumptions!$B$4 -> 23.726579 | E7: ='Upstream openLCA'!E6/Assumptions!$B$4 -> 15.817737 | F7: ='Upstream openLCA'!F6/Assumptions!$B$4 -> 23.882569 | G7: ='Upstream openLCA'!G6/Assumptions!$B$4 -> 16.129718 | H7: ='Upstream openLCA'!H6/Assumptions!$B$4 -> 10.7296
A8: Eutrophication | B8: kg N-eq | C8: ='Upstream openLCA'!C7/Assumptions!$B$4 -> 0.0047269526 | D8: ='Upstream openLCA'!D7/Assumptions!$B$4 -> 0.0035452158 | E8: ='Upstream openLCA'!E7/Assumptions!$B$4 -> 0.0023634737 | F8: ='Upstream openLCA'!F7/Assumptions!$B$4 -> 0.00356158 | G8: ='Upstream openLCA'!G7/Assumptions!$B$4 -> 0.0023962016 | H8: ='Upstream openLCA'!H7/Assumptions!$B$4 -> 0.00204736
A9: Human toxicity carcinogenic | B9: CTUh | C9: ='Upstream openLCA'!C8/Assumptions!$B$4 -> 4.2105263e-07 | D9: ='Upstream openLCA'!D8/Assumptions!$B$4 -> 3.1578947e-07 | E9: ='Upstream openLCA'!E8/Assumptions!$B$4 -> 2.1052632e-07 | F9: ='Upstream openLCA'!F8/Assumptions!$B$4 -> 3.1578947e-07 | G9: ='Upstream openLCA'!G8/Assumptions!$B$4 -> 2.1052632e-07 | H9: ='Upstream openLCA'!H8/Assumptions!$B$4 -> 1.09984e-07
A10: Human toxicity non-carcinogenic | B10: CTUh | C10: ='Upstream openLCA'!C9/Assumptions!$B$4 -> 4.1578947e-07 | D10: ='Upstream openLCA'!D9/Assumptions!$B$4 -> 3.1052632e-07 | E10: ='Upstream openLCA'!E9/Assumptions!$B$4 -> 2.0526316e-07 | F10: ='Upstream openLCA'!F9/Assumptions!$B$4 -> 3.1052632e-07 | G10: ='Upstream openLCA'!G9/Assumptions!$B$4 -> 2.0526316e-07 | H10: ='Upstream openLCA'!H9/Assumptions!$B$4 -> 2.8448e-07
A11: Ozone depletion | B11: kg CFC-11-eq | C11: ='Upstream openLCA'!C10/Assumptions!$B$4 -> 2.1097947e-08 | D11: ='Upstream openLCA'!D10/Assumptions!$B$4 -> 1.5823421e-08 | E11: ='Upstream openLCA'!E10/Assumptions!$B$4 -> 1.0548947e-08 | F11: ='Upstream openLCA'!F10/Assumptions!$B$4 -> 1.6017111e-08 | G11: ='Upstream openLCA'!G10/Assumptions!$B$4 -> 1.0936326e-08 | H11: ='Upstream openLCA'!H10/Assumptions!$B$4 -> 1.8032e-08
A12: Particulate matter | B12: kg PM2.5-eq | C12: ='Upstream openLCA'!C11/Assumptions!$B$4 -> 0.0012504579 | D12: ='Upstream openLCA'!D11/Assumptions!$B$4 -> 0.00093784211 | E12: ='Upstream openLCA'!E11/Assumptions!$B$4 -> 0.00062523158 | F12: ='Upstream openLCA'!F11/Assumptions!$B$4 -> 0.00094554579 | G12: ='Upstream openLCA'!G11/Assumptions!$B$4 -> 0.00064063947 | H12: ='Upstream openLCA'!H11/Assumptions!$B$4 -> 0.00064064
A13: Photochemical oxidants | B13: kg O3-eq | C13: ='Upstream openLCA'!C12/Assumptions!$B$4 -> 0.094009211 | D13: ='Upstream openLCA'!D12/Assumptions!$B$4 -> 0.070506911 | E13: ='Upstream openLCA'!E12/Assumptions!$B$4 -> 0.047004605 | F13: ='Upstream openLCA'!F12/Assumptions!$B$4 -> 0.072050833 | G13: ='Upstream openLCA'!G12/Assumptions!$B$4 -> 0.050092451 | H13: ='Upstream openLCA'!H12/Assumptions!$B$4 -> 0.140448
A15: DIRECT per tree
A16: Category | B16: Unit | C16: Baseline 100% synthetic | D16: 25% synthetic reduction | E16: 50% synthetic reduction | F16: 75% synthetic + 25% organic | G16: 50% synthetic + 50% organic | H16: Wood-chip mulch only
A17: Acidification | B17: kg SO2-eq | C17: ='Direct Emissions'!D4*1.880158 -> 0.042832045 | D17: ='Direct Emissions'!D5*1.880158 -> 0.032124034 | E17: ='Direct Emissions'!D6*1.880158 -> 0.021416022 | F17: ='Direct Emissions'!D7*1.880158 -> 0.073007897 | G17: ='Direct Emissions'!D8*1.880158 -> 0.10318375 | H17: ='Direct Emissions'!D9*1.880158 -> 0
A18: Climate change | B18: kg CO2-eq | C18: ='Direct Emissions'!J4 -> 1.6117325 | D18: ='Direct Emissions'!J5 -> 1.2087994 | E18: ='Direct Emissions'!J6 -> 0.80586625 | F18: ='Direct Emissions'!J7 -> 2.0705463 | G18: ='Direct Emissions'!J8 -> 2.5293601 | H18: ='Direct Emissions'!J9 -> 0
A19: Freshwater ecotoxicity | B19: CTUe | C19: ='Direct Emissions'!E4*0.00689579 -> 0.0012500282 | D19: ='Direct Emissions'!E5*0.00689579 -> 0.00093752116 | E19: ='Direct Emissions'!E6*0.00689579 -> 0.0006250141 | F19: ='Direct Emissions'!E7*0.00689579 -> 0.0015625158 | G19: ='Direct Emissions'!E8*0.00689579 -> 0.0018750035 | H19: ='Direct Emissions'!E9*0.00689579 -> 0
A20: Eutrophication | B20: kg N-eq | C20: ='Direct Emissions'!E4*0.251614 -> 0.045611104 | D20: ='Direct Emissions'!E5*0.251614 -> 0.034208328 | E20: ='Direct Emissions'!E6*0.251614 -> 0.022805552 | F20: ='Direct Emissions'!E7*0.251614 -> 0.057013172 | G20: ='Direct Emissions'!E8*0.251614 -> 0.06841524 | H20: ='Direct Emissions'!E9*0.251614 -> 0
A21: Human toxicity carcinogenic | B21: CTUh | C21: =0 -> 0 | D21: =0 -> 0 | E21: =0 -> 0 | F21: =0 -> 0 | G21: =0 -> 0 | H21: =0 -> 0
A22: Human toxicity non-carcinogenic | B22: CTUh | C22: =0 -> 0 | D22: =0 -> 0 | E22: =0 -> 0 | F22: =0 -> 0 | G22: =0 -> 0 | H22: =0 -> 0
A23: Ozone depletion | B23: kg CFC-11-eq | C23: =0 -> 0 | D23: =0 -> 0 | E23: =0 -> 0 | F23: =0 -> 0 | G23: =0 -> 0 | H23: =0 -> 0
A24: Particulate matter | B24: kg PM2.5-eq | C24: ='Direct Emissions'!D4*0.0667252 -> 0.0015200727 | D24: ='Direct Emissions'!D5*0.0667252 -> 0.0011400545 | E24: ='Direct Emissions'!D6*0.0667252 -> 0.00076003633 | F24: ='Direct Emissions'!D7*0.0667252 -> 0.0025909879 | G24: ='Direct Emissions'!D8*0.0667252 -> 0.0036619031 | H24: ='Direct Emissions'!D9*0.0667252 -> 0
A25: Photochemical oxidants | B25: kg O3-eq | C25: =0 -> 0 | D25: =0 -> 0 | E25: =0 -> 0 | F25: =0 -> 0 | G25: =0 -> 0 | H25: =0 -> 0
A27: TOTAL per tree
A28: Category | B28: Unit | C28: Baseline 100% synthetic | D28: 25% synthetic reduction | E28: 50% synthetic reduction | F28: 75% synthetic + 25% organic | G28: 50% synthetic + 50% organic | H28: Wood-chip mulch only
A29: Acidification | B29: kg SO2-eq | C29: =C5+C17 -> 0.05119574 | D29: =D5+D17 -> 0.038396802 | E29: =E5+E17 -> 0.02559787 | F29: =F5+F17 -> 0.079336014 | G29: =G5+G17 -> 0.10747629 | H29: =H5+H17 -> 0.0048384
A30: Climate change | B30: kg CO2-eq | C30: =C6+C18 -> 3.5132646 | D30: =D6+D18 -> 2.6349484 | E30: =E6+E18 -> 1.7566323 | F30: =F6+F18 -> 3.5081702 | G30: =G6+G18 -> 3.5030758 | H30: =H6+H18 -> 1.1648
A31: Freshwater ecotoxicity | B31: CTUe | C31: =C7+C19 -> 31.636724 | D31: =D7+D19 -> 23.727516 | E31: =E7+E19 -> 15.818362 | F31: =F7+F19 -> 23.884132 | G31: =G7+G19 -> 16.131593 | H31: =H7+H19 -> 10.7296
A32: Eutrophication | B32: kg N-eq | C32: =C8+C20 -> 0.050338057 | D32: =D8+D20 -> 0.037753544 | E32: =E8+E20 -> 0.025169026 | F32: =F8+F20 -> 0.060574752 | G32: =G8+G20 -> 0.070811441 | H32: =H8+H20 -> 0.00204736
A33: Human toxicity carcinogenic | B33: CTUh | C33: =C9+C21 -> 4.2105263e-07 | D33: =D9+D21 -> 3.1578947e-07 | E33: =E9+E21 -> 2.1052632e-07 | F33: =F9+F21 -> 3.1578947e-07 | G33: =G9+G21 -> 2.1052632e-07 | H33: =H9+H21 -> 1.09984e-07
A34: Human toxicity non-carcinogenic | B34: CTUh | C34: =C10+C22 -> 4.1578947e-07 | D34: =D10+D22 -> 3.1052632e-07 | E34: =E10+E22 -> 2.0526316e-07 | F34: =F10+F22 -> 3.1052632e-07 | G34: =G10+G22 -> 2.0526316e-07 | H34: =H10+H22 -> 2.8448e-07
A35: Ozone depletion | B35: kg CFC-11-eq | C35: =C11+C23 -> 2.1097947e-08 | D35: =D11+D23 -> 1.5823421e-08 | E35: =E11+E23 -> 1.0548947e-08 | F35: =F11+F23 -> 1.6017111e-08 | G35: =G11+G23 -> 1.0936326e-08 | H35: =H11+H23 -> 1.8032e-08
A36: Particulate matter | B36: kg PM2.5-eq | C36: =C12+C24 -> 0.0027705305 | D36: =D12+D24 -> 0.0020778966 | E36: =E12+E24 -> 0.0013852679 | F36: =F12+F24 -> 0.0035365336 | G36: =G12+G24 -> 0.0043025425 | H36: =H12+H24 -> 0.00064064
A37: Direct rows are zero for human toxicity, ozone depletion and photochemical oxidants: the N flows modelled here do not contribute to those categories. | B37: kg O3-eq | C37: =C13+C25 -> 0.094009211 | D37: =D13+D25 -> 0.070506911 | E37: =E13+E25 -> 0.047004605 | F37: =F13+F25 -> 0.072050833 | G37: =G13+G25 -> 0.050092451 | H37: =H13+H25 -> 0.140448
A38: Diesel is absent by design. Its ecoinvent activity already includes combustion, so a direct layer would double count.

Sheet Percent of Baseline
A1: Results as percent of the fertilizer baseline
A3: TOTAL as % of baseline
A4: Category | B4: Unit | C4: Baseline 100% synthetic | D4: 25% synthetic reduction | E4: 50% synthetic reduction | F4: 75% synthetic + 25% organic | G4: 50% synthetic + 50% organic | H4: Wood-chip mulch only
A5: Acidification | B5: kg SO2-eq | C5: =IFERROR('Results per Tree'!C29/'Results per Tree'!$C$29,0) -> 1 | D5: =IFERROR('Results per Tree'!D29/'Results per Tree'!$C$29,0) -> 0.74999995 | E5: =IFERROR('Results per Tree'!E29/'Results per Tree'!$C$29,0) -> 0.5 | F5: =IFERROR('Results per Tree'!F29/'Results per Tree'!$C$29,0) -> 1.5496605 | G5: =IFERROR('Results per Tree'!G29/'Results per Tree'!$C$29,0) -> 2.099321 | H5: =IFERROR('Results per Tree'!H29/'Results per Tree'!$C$29,0) -> 0.094507864
A6: Climate change | B6: kg CO2-eq | C6: =IFERROR('Results per Tree'!C30/'Results per Tree'!$C$30,0) -> 1 | D6: =IFERROR('Results per Tree'!D30/'Results per Tree'!$C$30,0) -> 0.75 | E6: =IFERROR('Results per Tree'!E30/'Results per Tree'!$C$30,0) -> 0.5 | F6: =IFERROR('Results per Tree'!F30/'Results per Tree'!$C$30,0) -> 0.99854995 | G6: =IFERROR('Results per Tree'!G30/'Results per Tree'!$C$30,0) -> 0.99709991 | H6: =IFERROR('Results per Tree'!H30/'Results per Tree'!$C$30,0) -> 0.33154349
A7: Freshwater ecotoxicity | B7: CTUe | C7: =IFERROR('Results per Tree'!C31/'Results per Tree'!$C$31,0) -> 1 | D7: =IFERROR('Results per Tree'!D31/'Results per Tree'!$C$31,0) -> 0.74999917 | E7: =IFERROR('Results per Tree'!E31/'Results per Tree'!$C$31,0) -> 0.5 | F7: =IFERROR('Results per Tree'!F31/'Results per Tree'!$C$31,0) -> 0.7549496 | G7: =IFERROR('Results per Tree'!G31/'Results per Tree'!$C$31,0) -> 0.50990086 | H7: =IFERROR('Results per Tree'!H31/'Results per Tree'!$C$31,0) -> 0.33915016
A8: Eutrophication | B8: kg N-eq | C8: =IFERROR('Results per Tree'!C32/'Results per Tree'!$C$32,0) -> 1 | D8: =IFERROR('Results per Tree'!D32/'Results per Tree'!$C$32,0) -> 0.75000003 | E8: =IFERROR('Results per Tree'!E32/'Results per Tree'!$C$32,0) -> 0.49999995 | F8: =IFERROR('Results per Tree'!F32/'Results per Tree'!$C$32,0) -> 1.203359 | G8: =IFERROR('Results per Tree'!G32/'Results per Tree'!$C$32,0) -> 1.4067178 | H8: =IFERROR('Results per Tree'!H32/'Results per Tree'!$C$32,0) -> 0.040672209
A9: Human toxicity carcinogenic | B9: CTUh | C9: =IFERROR('Results per Tree'!C33/'Results per Tree'!$C$33,0) -> 1 | D9: =IFERROR('Results per Tree'!D33/'Results per Tree'!$C$33,0) -> 0.75 | E9: =IFERROR('Results per Tree'!E33/'Results per Tree'!$C$33,0) -> 0.5 | F9: =IFERROR('Results per Tree'!F33/'Results per Tree'!$C$33,0) -> 0.75 | G9: =IFERROR('Results per Tree'!G33/'Results per Tree'!$C$33,0) -> 0.5 | H9: =IFERROR('Results per Tree'!H33/'Results per Tree'!$C$33,0) -> 0.261212
A10: Human toxicity non-carcinogenic | B10: CTUh | C10: =IFERROR('Results per Tree'!C34/'Results per Tree'!$C$34,0) -> 1 | D10: =IFERROR('Results per Tree'!D34/'Results per Tree'!$C$34,0) -> 0.74683544 | E10: =IFERROR('Results per Tree'!E34/'Results per Tree'!$C$34,0) -> 0.49367089 | F10: =IFERROR('Results per Tree'!F34/'Results per Tree'!$C$34,0) -> 0.74683544 | G10: =IFERROR('Results per Tree'!G34/'Results per Tree'!$C$34,0) -> 0.49367089 | H10: =IFERROR('Results per Tree'!H34/'Results per Tree'!$C$34,0) -> 0.68419241
A11: Ozone depletion | B11: kg CFC-11-eq | C11: =IFERROR('Results per Tree'!C35/'Results per Tree'!$C$35,0) -> 1 | D11: =IFERROR('Results per Tree'!D35/'Results per Tree'!$C$35,0) -> 0.74999813 | E11: =IFERROR('Results per Tree'!E35/'Results per Tree'!$C$35,0) -> 0.49999875 | F11: =IFERROR('Results per Tree'!F35/'Results per Tree'!$C$35,0) -> 0.75917862 | G11: =IFERROR('Results per Tree'!G35/'Results per Tree'!$C$35,0) -> 0.51835973 | H11: =IFERROR('Results per Tree'!H35/'Results per Tree'!$C$35,0) -> 0.8546803
A12: Particulate matter | B12: kg PM2.5-eq | C12: =IFERROR('Results per Tree'!C36/'Results per Tree'!$C$36,0) -> 1 | D12: =IFERROR('Results per Tree'!D36/'Results per Tree'!$C$36,0) -> 0.74999953 | E12: =IFERROR('Results per Tree'!E36/'Results per Tree'!$C$36,0) -> 0.50000095 | F12: =IFERROR('Results per Tree'!F36/'Results per Tree'!$C$36,0) -> 1.2764825 | G12: =IFERROR('Results per Tree'!G36/'Results per Tree'!$C$36,0) -> 1.552967 | H12: =IFERROR('Results per Tree'!H36/'Results per Tree'!$C$36,0) -> 0.23123369
A13: Photochemical oxidants | B13: kg O3-eq | C13: =IFERROR('Results per Tree'!C37/'Results per Tree'!$C$37,0) -> 1 | D13: =IFERROR('Results per Tree'!D37/'Results per Tree'!$C$37,0) -> 0.75000003 | E13: =IFERROR('Results per Tree'!E37/'Results per Tree'!$C$37,0) -> 0.5 | F13: =IFERROR('Results per Tree'!F37/'Results per Tree'!$C$37,0) -> 0.76642313 | G13: =IFERROR('Results per Tree'!G37/'Results per Tree'!$C$37,0) -> 0.5328462 | H13: =IFERROR('Results per Tree'!H37/'Results per Tree'!$C$37,0) -> 1.4939813
A15: UPSTREAM as % of baseline
A16: Category | B16: Unit | C16: Baseline 100% synthetic | D16: 25% synthetic reduction | E16: 50% synthetic reduction | F16: 75% synthetic + 25% organic | G16: 50% synthetic + 50% organic | H16: Wood-chip mulch only
A17: Acidification | B17: kg SO2-eq | C17: =IFERROR('Results per Tree'!C5/'Results per Tree'!$C$5,0) -> 1 | D17: =IFERROR('Results per Tree'!D5/'Results per Tree'!$C$5,0) -> 0.74999969 | E17: =IFERROR('Results per Tree'!E5/'Results per Tree'!$C$5,0) -> 0.5 | F17: =IFERROR('Results per Tree'!F5/'Results per Tree'!$C$5,0) -> 0.75661732 | G17: =IFERROR('Results per Tree'!G5/'Results per Tree'!$C$5,0) -> 0.51323527 | H17: =IFERROR('Results per Tree'!H5/'Results per Tree'!$C$5,0) -> 0.57850031
A18: Climate change | B18: kg CO2-eq | C18: =IFERROR('Results per Tree'!C6/'Results per Tree'!$C$6,0) -> 1 | D18: =IFERROR('Results per Tree'!D6/'Results per Tree'!$C$6,0) -> 0.75 | E18: =IFERROR('Results per Tree'!E6/'Results per Tree'!$C$6,0) -> 0.5 | F18: =IFERROR('Results per Tree'!F6/'Results per Tree'!$C$6,0) -> 0.7560345 | G18: =IFERROR('Results per Tree'!G6/'Results per Tree'!$C$6,0) -> 0.51206901 | H18: =IFERROR('Results per Tree'!H6/'Results per Tree'!$C$6,0) -> 0.61255869
A19: Freshwater ecotoxicity | B19: CTUe | C19: =IFERROR('Results per Tree'!C7/'Results per Tree'!$C$7,0) -> 1 | D19: =IFERROR('Results per Tree'!D7/'Results per Tree'!$C$7,0) -> 0.74999917 | E19: =IFERROR('Results per Tree'!E7/'Results per Tree'!$C$7,0) -> 0.5 | F19: =IFERROR('Results per Tree'!F7/'Results per Tree'!$C$7,0) -> 0.75493004 | G19: =IFERROR('Results per Tree'!G7/'Results per Tree'!$C$7,0) -> 0.50986174 | H19: =IFERROR('Results per Tree'!H7/'Results per Tree'!$C$7,0) -> 0.33916356
A20: Eutrophication | B20: kg N-eq | C20: =IFERROR('Results per Tree'!C8/'Results per Tree'!$C$8,0) -> 1 | D20: =IFERROR('Results per Tree'!D8/'Results per Tree'!$C$8,0) -> 0.75000028 | E20: =IFERROR('Results per Tree'!E8/'Results per Tree'!$C$8,0) -> 0.49999944 | F20: =IFERROR('Results per Tree'!F8/'Results per Tree'!$C$8,0) -> 0.75346217 | G20: =IFERROR('Results per Tree'!G8/'Results per Tree'!$C$8,0) -> 0.50692312 | H20: =IFERROR('Results per Tree'!H8/'Results per Tree'!$C$8,0) -> 0.43312471
A21: Human toxicity carcinogenic | B21: CTUh | C21: =IFERROR('Results per Tree'!C9/'Results per Tree'!$C$9,0) -> 1 | D21: =IFERROR('Results per Tree'!D9/'Results per Tree'!$C$9,0) -> 0.75 | E21: =IFERROR('Results per Tree'!E9/'Results per Tree'!$C$9,0) -> 0.5 | F21: =IFERROR('Results per Tree'!F9/'Results per Tree'!$C$9,0) -> 0.75 | G21: =IFERROR('Results per Tree'!G9/'Results per Tree'!$C$9,0) -> 0.5 | H21: =IFERROR('Results per Tree'!H9/'Results per Tree'!$C$9,0) -> 0.261212
A22: Human toxicity non-carcinogenic | B22: CTUh | C22: =IFERROR('Results per Tree'!C10/'Results per Tree'!$C$10,0) -> 1 | D22: =IFERROR('Results per Tree'!D10/'Results per Tree'!$C$10,0) -> 0.74683544 | E22: =IFERROR('Results per Tree'!E10/'Results per Tree'!$C$10,0) -> 0.49367089 | F22: =IFERROR('Results per Tree'!F10/'Results per Tree'!$C$10,0) -> 0.74683544 | G22: =IFERROR('Results per Tree'!G10/'Results per Tree'!$C$10,0) -> 0.49367089 | H22: =IFERROR('Results per Tree'!H10/'Results per Tree'!$C$10,0) -> 0.68419241
A23: Ozone depletion | B23: kg CFC-11-eq | C23: =IFERROR('Results per Tree'!C11/'Results per Tree'!$C$11,0) -> 1 | D23: =IFERROR('Results per Tree'!D11/'Results per Tree'!$C$11,0) -> 0.74999813 | E23: =IFERROR('Results per Tree'!E11/'Results per Tree'!$C$11,0) -> 0.49999875 | F23: =IFERROR('Results per Tree'!F11/'Results per Tree'!$C$11,0) -> 0.75917862 | G23: =IFERROR('Results per Tree'!G11/'Results per Tree'!$C$11,0) -> 0.51835973 | H23: =IFERROR('Results per Tree'!H11/'Results per Tree'!$C$11,0) -> 0.8546803
A24: Particulate matter | B24: kg PM2.5-eq | C24: =IFERROR('Results per Tree'!C12/'Results per Tree'!$C$12,0) -> 1 | D24: =IFERROR('Results per Tree'!D12/'Results per Tree'!$C$12,0) -> 0.74999895 | E24: =IFERROR('Results per Tree'!E12/'Results per Tree'!$C$12,0) -> 0.5000021 | F24: =IFERROR('Results per Tree'!F12/'Results per Tree'!$C$12,0) -> 0.75615964 | G24: =IFERROR('Results per Tree'!G12/'Results per Tree'!$C$12,0) -> 0.51232391 | H24: =IFERROR('Results per Tree'!H12/'Results per Tree'!$C$12,0) -> 0.51232433
A25: Photochemical oxidants | B25: kg O3-eq | C25: =IFERROR('Results per Tree'!C13/'Results per Tree'!$C$13,0) -> 1 | D25: =IFERROR('Results per Tree'!D13/'Results per Tree'!$C$13,0) -> 0.75000003 | E25: =IFERROR('Results per Tree'!E13/'Results per Tree'!$C$13,0) -> 0.5 | F25: =IFERROR('Results per Tree'!F13/'Results per Tree'!$C$13,0) -> 0.76642313 | G25: =IFERROR('Results per Tree'!G13/'Results per Tree'!$C$13,0) -> 0.5328462 | H25: =IFERROR('Results per Tree'!H13/'Results per Tree'!$C$13,0) -> 1.4939813
A27: DIRECT as % of baseline
A28: Category | B28: Unit | C28: Baseline 100% synthetic | D28: 25% synthetic reduction | E28: 50% synthetic reduction | F28: 75% synthetic + 25% organic | G28: 50% synthetic + 50% organic | H28: Wood-chip mulch only
A29: Acidification | B29: kg SO2-eq | C29: =IFERROR('Results per Tree'!C17/'Results per Tree'!$C$17,0) -> 1 | D29: =IFERROR('Results per Tree'!D17/'Results per Tree'!$C$17,0) -> 0.75 | E29: =IFERROR('Results per Tree'!E17/'Results per Tree'!$C$17,0) -> 0.5 | F29: =IFERROR('Results per Tree'!F17/'Results per Tree'!$C$17,0) -> 1.7045158 | G29: =IFERROR('Results per Tree'!G17/'Results per Tree'!$C$17,0) -> 2.4090316 | H29: =IFERROR('Results per Tree'!H17/'Results per Tree'!$C$17,0) -> 0
A30: Climate change | B30: kg CO2-eq | C30: =IFERROR('Results per Tree'!C18/'Results per Tree'!$C$18,0) -> 1 | D30: =IFERROR('Results per Tree'!D18/'Results per Tree'!$C$18,0) -> 0.75 | E30: =IFERROR('Results per Tree'!E18/'Results per Tree'!$C$18,0) -> 0.5 | F30: =IFERROR('Results per Tree'!F18/'Results per Tree'!$C$18,0) -> 1.2846712 | G30: =IFERROR('Results per Tree'!G18/'Results per Tree'!$C$18,0) -> 1.5693424 | H30: =IFERROR('Results per Tree'!H18/'Results per Tree'!$C$18,0) -> 0
A31: Freshwater ecotoxicity | B31: CTUe | C31: =IFERROR('Results per Tree'!C19/'Results per Tree'!$C$19,0) -> 1 | D31: =IFERROR('Results per Tree'!D19/'Results per Tree'!$C$19,0) -> 0.75 | E31: =IFERROR('Results per Tree'!E19/'Results per Tree'!$C$19,0) -> 0.5 | F31: =IFERROR('Results per Tree'!F19/'Results per Tree'!$C$19,0) -> 1.2499845 | G31: =IFERROR('Results per Tree'!G19/'Results per Tree'!$C$19,0) -> 1.4999689 | H31: =IFERROR('Results per Tree'!H19/'Results per Tree'!$C$19,0) -> 0
A32: Eutrophication | B32: kg N-eq | C32: =IFERROR('Results per Tree'!C20/'Results per Tree'!$C$20,0) -> 1 | D32: =IFERROR('Results per Tree'!D20/'Results per Tree'!$C$20,0) -> 0.75 | E32: =IFERROR('Results per Tree'!E20/'Results per Tree'!$C$20,0) -> 0.5 | F32: =IFERROR('Results per Tree'!F20/'Results per Tree'!$C$20,0) -> 1.2499845 | G32: =IFERROR('Results per Tree'!G20/'Results per Tree'!$C$20,0) -> 1.4999689 | H32: =IFERROR('Results per Tree'!H20/'Results per Tree'!$C$20,0) -> 0
A33: Human toxicity carcinogenic | B33: CTUh | C33: =IFERROR('Results per Tree'!C21/'Results per Tree'!$C$21,0) -> 0 | D33: =IFERROR('Results per Tree'!D21/'Results per Tree'!$C$21,0) -> 0 | E33: =IFERROR('Results per Tree'!E21/'Results per Tree'!$C$21,0) -> 0 | F33: =IFERROR('Results per Tree'!F21/'Results per Tree'!$C$21,0) -> 0 | G33: =IFERROR('Results per Tree'!G21/'Results per Tree'!$C$21,0) -> 0 | H33: =IFERROR('Results per Tree'!H21/'Results per Tree'!$C$21,0) -> 0
A34: Human toxicity non-carcinogenic | B34: CTUh | C34: =IFERROR('Results per Tree'!C22/'Results per Tree'!$C$22,0) -> 0 | D34: =IFERROR('Results per Tree'!D22/'Results per Tree'!$C$22,0) -> 0 | E34: =IFERROR('Results per Tree'!E22/'Results per Tree'!$C$22,0) -> 0 | F34: =IFERROR('Results per Tree'!F22/'Results per Tree'!$C$22,0) -> 0 | G34: =IFERROR('Results per Tree'!G22/'Results per Tree'!$C$22,0) -> 0 | H34: =IFERROR('Results per Tree'!H22/'Results per Tree'!$C$22,0) -> 0
A35: Ozone depletion | B35: kg CFC-11-eq | C35: =IFERROR('Results per Tree'!C23/'Results per Tree'!$C$23,0) -> 0 | D35: =IFERROR('Results per Tree'!D23/'Results per Tree'!$C$23,0) -> 0 | E35: =IFERROR('Results per Tree'!E23/'Results per Tree'!$C$23,0) -> 0 | F35: =IFERROR('Results per Tree'!F23/'Results per Tree'!$C$23,0) -> 0 | G35: =IFERROR('Results per Tree'!G23/'Results per Tree'!$C$23,0) -> 0 | H35: =IFERROR('Results per Tree'!H23/'Results per Tree'!$C$23,0) -> 0
A36: Particulate matter | B36: kg PM2.5-eq | C36: =IFERROR('Results per Tree'!C24/'Results per Tree'!$C$24,0) -> 1 | D36: =IFERROR('Results per Tree'!D24/'Results per Tree'!$C$24,0) -> 0.75 | E36: =IFERROR('Results per Tree'!E24/'Results per Tree'!$C$24,0) -> 0.5 | F36: =IFERROR('Results per Tree'!F24/'Results per Tree'!$C$24,0) -> 1.7045158 | G36: =IFERROR('Results per Tree'!G24/'Results per Tree'!$C$24,0) -> 2.4090316 | H36: =IFERROR('Results per Tree'!H24/'Results per Tree'!$C$24,0) -> 0
A37: Denominator is the baseline column for the same row and block. Zero baselines are guarded with IFERROR. | B37: kg O3-eq | C37: =IFERROR('Results per Tree'!C25/'Results per Tree'!$C$25,0) -> 0 | D37: =IFERROR('Results per Tree'!D25/'Results per Tree'!$C$25,0) -> 0 | E37: =IFERROR('Results per Tree'!E25/'Results per Tree'!$C$25,0) -> 0 | F37: =IFERROR('Results per Tree'!F25/'Results per Tree'!$C$25,0) -> 0 | G37: =IFERROR('Results per Tree'!G25/'Results per Tree'!$C$25,0) -> 0 | H37: =IFERROR('Results per Tree'!H25/'Results per Tree'!$C$25,0) -> 0

Sheet Ecoinvent Datasets
A1: Background datasets and LCIA method
A3: Item | B3: Dataset / activity | C3: Geography | D3: System model | E3: Version | F3: Note
A4: Synthetic fertilizer | B4: market for NPK (15-15-15) fertilizer | F4: Use the exact provider and geography recorded in the openLCA model
A5: Poultry litter | B5: poultry manure, fresh | D5: Cutoff | F5: Recycled-content / cutoff category as used in the openLCA model
A6: Wood chips | B6: market for wood chips, green, measured as dry mass | C6: RoW | D6: Cutoff | E6: 3.12 | F6: Dataset 9421
A7: LCIA method | B7: TRACI v2.1 | F7: Climate change characterised on AR4 GWP
A8: Diesel (for reference) | B8: diesel, burned in agricultural machinery | F8: NOT used here. Already includes combustion; a direct layer would double count
A11: Licensing: ecoinvent data is licensed. Do not redistribute per-unit inventory values. Aggregated LCIA results are the shareable form; confirm in writing with ecoinvent before publishing a machine-readable factor table.

Sheet Equations
A1: Equations used
A3: Quantity | B3: Equation | C3: Source
A4: Litter mass for N-equivalence | B4: M_litter = f_org x 362.88 kg PAN x 2.20462 lb/kg / 28.9 lb PAN per short ton, converted short tons to kg | C4: NC State Extension litter analysis
A5: Synthetic N per tree | B5: F_SN = synthetic N applied x 0.893 / 1,900 | C5: Allocation and functional unit
A6: Organic N per tree | B6: F_ON = total organic N applied x 0.893 / 1,900; total organic N is 2x the PAN replaced | C6: IPCC Ch.11: EF1 applies to total N
A7: Direct N2O | B7: N2O_direct = (F_SN + F_ON) x EF1 x 44/28 | C7: IPCC Eq. 11.1
A8: N2O from deposition | B8: N2O_ATD = (F_SN x Frac_GASF + F_ON x Frac_GASM) x EF4 x 44/28 | C8: IPCC Eq. 11.9
A9: N2O from leaching | B9: N2O_L = (F_SN + F_ON) x Frac_LEACH x EF5 x 44/28 | C9: IPCC Eq. 11.10
A10: Total N2O | B10: N2O_total = N2O_direct + N2O_ATD + N2O_L | C10: IPCC Ch.11
A11: Direct GWP | B11: GWP_direct = N2O_total x 298 | C11: TRACI 2.1 / AR4
A12: Ammonia to air | B12: NH3 = (F_SN x Frac_GASF + F_ON x Frac_GASM) x 17/14 | C12: Stoichiometry on volatilised N
A13: Nitrate to groundwater | B13: NO3 = (F_SN + F_ON) x Frac_LEACH x 62/14 | C13: Stoichiometry on leached N
A14: Wood chip impact | B14: Impact per tree = 22.4 kg dry chips x impact per kg | C14: Cregg et al. 2009 rate
A15: EF1 selection | B15: 0.016 where any synthetic N is present (synthetic or mixed); 0.006 only where the application is exclusively organic | C15: IPCC Table 11.1 footnotes 5 and 6

Sheet References
A1: References
A3: # | B3: Reference | C3: URL
A4: 1 | B4: IPCC. 2019 Refinement to the 2006 IPCC Guidelines for National Greenhouse Gas Inventories, Volume 4, Chapter 11. | C4: https://www.ipcc-nggip.iges.or.jp/public/2019rf/pdf/4_Volume4/19R_V4_Ch11_Soils_N2O_CO2.pdf
A5: 2 | B5: NC State Extension. Poultry Litter as a Fertilizer Source. | C5: https://content.ces.ncsu.edu/poultry-litter-as-a-fertilizer-source
A6: 3 | B6: Bare, J.C. 2012. TRACI Version 2.1 User's Guide. | C6: https://nepis.epa.gov/Adobe/PDF/P100HN53.pdf
A7: 4 | B7: Cregg, B.M., Nzokou, P., and Goldy, R. 2009. Growth and Physiology of Newly Planted Fraser Fir and Colorado Blue Spruce Christmas Trees in Response to Mulch and Irrigation. HortScience 44(3):660-665. | C7: https://doi.org/10.21273/HORTSCI.44.3.660
A8: 5 | B8: ecoinvent v3.12 Cutoff, dataset 9421. | C8: https://ecoquery.ecoinvent.org/3.12/cutoff/dataset/9421/documentation
